file	scenario	theme	clientWidthDip	dpi	fixture
01-empty__dark__480dip__fr-FR__display1__144dpi.png	01-empty	dark	480	144	production-renderer-synthetic-presentation
02-preparing__dark__480dip__fr-FR__display1__144dpi.png	02-preparing	dark	480	144	production-renderer-synthetic-presentation
03-awaiting-acceptance__dark__480dip__fr-FR__display1__144dpi.png	03-awaiting-acceptance	dark	480	144	production-renderer-synthetic-presentation
04-queued-start-now__dark__480dip__fr-FR__display1__144dpi.png	04-queued-start-now	dark	480	144	production-renderer-synthetic-presentation
05-queued-overlap-no-start-now__dark__480dip__fr-FR__display1__144dpi.png	05-queued-overlap-no-start-now	dark	480	144	production-renderer-synthetic-presentation
06-discovery-before-transfer__dark__480dip__fr-FR__display1__144dpi.png	06-discovery-before-transfer	dark	480	144	production-renderer-synthetic-presentation
07-discovery-and-transfer__dark__480dip__fr-FR__display1__144dpi.png	07-discovery-and-transfer	dark	480	144	production-renderer-synthetic-presentation
08-discovering-as-needed__dark__480dip__fr-FR__display1__144dpi.png	08-discovering-as-needed	dark	480	144	production-renderer-synthetic-presentation
09-copy-single-stream__dark__480dip__fr-FR__display1__144dpi.png	09-copy-single-stream	dark	480	144	production-renderer-synthetic-presentation
10-copy-four-streams__dark__480dip__fr-FR__display1__144dpi.png	10-copy-four-streams	dark	480	144	production-renderer-synthetic-presentation
10-copy-four-streams__dark__760dip__fr-FR__display1__144dpi.png	10-copy-four-streams	dark	760	144	production-renderer-synthetic-presentation
11-speed-limited__dark__480dip__fr-FR__display1__144dpi.png	11-speed-limited	dark	480	144	production-renderer-synthetic-presentation
12-move__dark__480dip__fr-FR__display1__144dpi.png	12-move	dark	480	144	production-renderer-synthetic-presentation
13-delete__dark__480dip__fr-FR__display1__144dpi.png	13-delete	dark	480	144	production-renderer-synthetic-presentation
14-paused__dark__480dip__fr-FR__display1__144dpi.png	14-paused	dark	480	144	production-renderer-synthetic-presentation
15-stopping__dark__480dip__fr-FR__display1__144dpi.png	15-stopping	dark	480	144	production-renderer-synthetic-presentation
16-callback-silence__dark__480dip__fr-FR__display1__144dpi.png	16-callback-silence	dark	480	144	production-renderer-synthetic-presentation
17-verifying__dark__480dip__fr-FR__display1__144dpi.png	17-verifying	dark	480	144	production-renderer-synthetic-presentation
18-completed__dark__480dip__fr-FR__display1__144dpi.png	18-completed	dark	480	144	production-renderer-synthetic-presentation
19-completed-verified__dark__480dip__fr-FR__display1__144dpi.png	19-completed-verified	dark	480	144	production-renderer-synthetic-presentation
20-partial-skipped__dark__480dip__fr-FR__display1__144dpi.png	20-partial-skipped	dark	480	144	production-renderer-synthetic-presentation
21-move-source-kept__dark__480dip__fr-FR__display1__144dpi.png	21-move-source-kept	dark	480	144	production-renderer-synthetic-presentation
22-clipboard-move-source-kept__dark__480dip__fr-FR__display1__144dpi.png	22-clipboard-move-source-kept	dark	480	144	production-renderer-synthetic-presentation
23-move-source-unknown__dark__480dip__fr-FR__display1__144dpi.png	23-move-source-unknown	dark	480	144	production-renderer-synthetic-presentation
24-failed__dark__480dip__fr-FR__display1__144dpi.png	24-failed	dark	480	144	production-renderer-synthetic-presentation
25-canceled-after-progress__dark__480dip__fr-FR__display1__144dpi.png	25-canceled-after-progress	dark	480	144	production-renderer-synthetic-presentation
26-interrupted-move__dark__480dip__fr-FR__display1__144dpi.png	26-interrupted-move	dark	480	144	production-renderer-synthetic-presentation
27-long-unicode-paths__dark__480dip__fr-FR__display1__144dpi.png	27-long-unicode-paths	dark	480	144	production-renderer-synthetic-presentation
27-long-unicode-paths__dark__760dip__fr-FR__display1__144dpi.png	27-long-unicode-paths	dark	760	144	production-renderer-synthetic-presentation
28-compact-progress__dark__480dip__fr-FR__display1__144dpi.png	28-compact-progress	dark	480	144	production-renderer-synthetic-presentation
29-footer-only__dark__480dip__fr-FR__display1__144dpi.png	29-footer-only	dark	480	144	production-renderer-synthetic-presentation
30-running-and-queued__dark__480dip__fr-FR__display1__144dpi.png	30-running-and-queued	dark	480	144	production-renderer-synthetic-presentation
30-running-and-queued__dark__760dip__fr-FR__display1__144dpi.png	30-running-and-queued	dark	760	144	production-renderer-synthetic-presentation
31-completed-group-expanded__dark__480dip__fr-FR__display1__144dpi.png	31-completed-group-expanded	dark	480	144	production-renderer-synthetic-presentation
32-completed-group-collapsed__dark__480dip__fr-FR__display1__144dpi.png	32-completed-group-collapsed	dark	480	144	production-renderer-synthetic-presentation
33-decision-file-exists__dark__480dip__fr-FR__display1__144dpi.png	33-decision-file-exists	dark	480	144	production-renderer-synthetic-presentation
33-decision-file-exists__dark__760dip__fr-FR__display1__144dpi.png	33-decision-file-exists	dark	760	144	production-renderer-synthetic-presentation
34-decision-read-only-file__dark__480dip__fr-FR__display1__144dpi.png	34-decision-read-only-file	dark	480	144	production-renderer-synthetic-presentation
35-decision-read-only-exists__dark__480dip__fr-FR__display1__144dpi.png	35-decision-read-only-exists	dark	480	144	production-renderer-synthetic-presentation
36-decision-type-mismatch__dark__480dip__fr-FR__display1__144dpi.png	36-decision-type-mismatch	dark	480	144	production-renderer-synthetic-presentation
37-decision-destination-link__dark__480dip__fr-FR__display1__144dpi.png	37-decision-destination-link	dark	480	144	production-renderer-synthetic-presentation
38-decision-name-not-representable__dark__480dip__fr-FR__display1__144dpi.png	38-decision-name-not-representable	dark	480	144	production-renderer-synthetic-presentation
39-decision-target-conflict__dark__480dip__fr-FR__display1__144dpi.png	39-decision-target-conflict	dark	480	144	production-renderer-synthetic-presentation
40-decision-sharing-violation__dark__480dip__fr-FR__display1__144dpi.png	40-decision-sharing-violation	dark	480	144	production-renderer-synthetic-presentation
41-decision-access-denied__dark__480dip__fr-FR__display1__144dpi.png	41-decision-access-denied	dark	480	144	production-renderer-synthetic-presentation
42-decision-disk-full__dark__480dip__fr-FR__display1__144dpi.png	42-decision-disk-full	dark	480	144	production-renderer-synthetic-presentation
43-decision-path-too-long__dark__480dip__fr-FR__display1__144dpi.png	43-decision-path-too-long	dark	480	144	production-renderer-synthetic-presentation
44-decision-recycle-failed__dark__480dip__fr-FR__display1__144dpi.png	44-decision-recycle-failed	dark	480	144	production-renderer-synthetic-presentation
45-decision-insufficient-space__dark__480dip__fr-FR__display1__144dpi.png	45-decision-insufficient-space	dark	480	144	production-renderer-synthetic-presentation
46-decision-space-unknown__dark__480dip__fr-FR__display1__144dpi.png	46-decision-space-unknown	dark	480	144	production-renderer-synthetic-presentation
47-decision-efs-plaintext__dark__480dip__fr-FR__display1__144dpi.png	47-decision-efs-plaintext	dark	480	144	production-renderer-synthetic-presentation
48-decision-sparse-inflation__dark__480dip__fr-FR__display1__144dpi.png	48-decision-sparse-inflation	dark	480	144	production-renderer-synthetic-presentation
49-decision-placeholder-hydration__dark__480dip__fr-FR__display1__144dpi.png	49-decision-placeholder-hydration	dark	480	144	production-renderer-synthetic-presentation
50-decision-metadata-loss__dark__480dip__fr-FR__display1__144dpi.png	50-decision-metadata-loss	dark	480	144	production-renderer-synthetic-presentation
51-decision-network-offline__dark__480dip__fr-FR__display1__144dpi.png	51-decision-network-offline	dark	480	144	production-renderer-synthetic-presentation
52-decision-unsupported-reparse__dark__480dip__fr-FR__display1__144dpi.png	52-decision-unsupported-reparse	dark	480	144	production-renderer-synthetic-presentation
53-decision-same-host-overlap__dark__480dip__fr-FR__display1__144dpi.png	53-decision-same-host-overlap	dark	480	144	production-renderer-synthetic-presentation
54-decision-same-host-live-output__dark__480dip__fr-FR__display1__144dpi.png	54-decision-same-host-live-output	dark	480	144	production-renderer-synthetic-presentation
55-decision-permanent-delete__dark__480dip__fr-FR__display1__144dpi.png	55-decision-permanent-delete	dark	480	144	production-renderer-synthetic-presentation
56-decision-unknown-error__dark__480dip__fr-FR__display1__144dpi.png	56-decision-unknown-error	dark	480	144	production-renderer-synthetic-presentation
57-decision-metadata-loading__dark__480dip__fr-FR__display1__144dpi.png	57-decision-metadata-loading	dark	480	144	production-renderer-synthetic-presentation
58-decision-replacement-withheld__dark__480dip__fr-FR__display1__144dpi.png	58-decision-replacement-withheld	dark	480	144	production-renderer-synthetic-presentation
59-decision-retry-failed__dark__480dip__fr-FR__display1__144dpi.png	59-decision-retry-failed	dark	480	144	production-renderer-synthetic-presentation
60-decision-apply-to-all-checked__dark__480dip__fr-FR__display1__144dpi.png	60-decision-apply-to-all-checked	dark	480	144	production-renderer-synthetic-presentation
61-compare-scanning__dark__480dip__fr-FR__display1__144dpi.png	61-compare-scanning	dark	480	144	production-renderer-synthetic-presentation
62-change-case-enumerating__dark__480dip__fr-FR__display1__144dpi.png	62-change-case-enumerating	dark	480	144	production-renderer-synthetic-presentation
63-change-attributes-applying__dark__480dip__fr-FR__display1__144dpi.png	63-change-attributes-applying	dark	480	144	production-renderer-synthetic-presentation
64-file-list-rendering__dark__480dip__fr-FR__display1__144dpi.png	64-file-list-rendering	dark	480	144	production-renderer-synthetic-presentation
65-verification-failed__dark__480dip__fr-FR__display1__144dpi.png	65-verification-failed	dark	480	144	production-renderer-synthetic-presentation
66-verification-unavailable__dark__480dip__fr-FR__display1__144dpi.png	66-verification-unavailable	dark	480	144	production-renderer-synthetic-presentation
67-verification-canceled__dark__480dip__fr-FR__display1__144dpi.png	67-verification-canceled	dark	480	144	production-renderer-synthetic-presentation
68-zero-byte-items__dark__480dip__fr-FR__display1__144dpi.png	68-zero-byte-items	dark	480	144	production-renderer-synthetic-presentation
69-all-items-skipped__dark__480dip__fr-FR__display1__144dpi.png	69-all-items-skipped	dark	480	144	production-renderer-synthetic-presentation
70-queue-paused__dark__480dip__fr-FR__display1__144dpi.png	70-queue-paused	dark	480	144	production-renderer-synthetic-presentation
71-waiting-for-other-task__dark__480dip__fr-FR__display1__144dpi.png	71-waiting-for-other-task	dark	480	144	production-renderer-synthetic-presentation
72-automatic-concurrency__dark__480dip__fr-FR__display1__144dpi.png	72-automatic-concurrency	dark	480	144	production-renderer-synthetic-presentation
73-compact-density__dark__480dip__fr-FR__display1__144dpi.png	73-compact-density	dark	480	144	production-renderer-synthetic-presentation
74-sixteen-streams__dark__480dip__fr-FR__display1__144dpi.png	74-sixteen-streams	dark	480	144	production-renderer-synthetic-presentation
75-compare-content__dark__480dip__fr-FR__display1__144dpi.png	75-compare-content	dark	480	144	production-renderer-synthetic-presentation
76-compare-scan-and-content__dark__480dip__fr-FR__display1__144dpi.png	76-compare-scan-and-content	dark	480	144	production-renderer-synthetic-presentation
77-change-case-renaming__dark__480dip__fr-FR__display1__144dpi.png	77-change-case-renaming	dark	480	144	production-renderer-synthetic-presentation
78-change-attributes-enumerating__dark__480dip__fr-FR__display1__144dpi.png	78-change-attributes-enumerating	dark	480	144	production-renderer-synthetic-presentation
79-file-list-collecting__dark__480dip__fr-FR__display1__144dpi.png	79-file-list-collecting	dark	480	144	production-renderer-synthetic-presentation
80-file-list-writing__dark__480dip__fr-FR__display1__144dpi.png	80-file-list-writing	dark	480	144	production-renderer-synthetic-presentation
81-compare-done__dark__480dip__fr-FR__display1__144dpi.png	81-compare-done	dark	480	144	production-renderer-synthetic-presentation
82-compare-failed__dark__480dip__fr-FR__display1__144dpi.png	82-compare-failed	dark	480	144	production-renderer-synthetic-presentation
83-compare-canceled__dark__480dip__fr-FR__display1__144dpi.png	83-compare-canceled	dark	480	144	production-renderer-synthetic-presentation
84-change-case-done__dark__480dip__fr-FR__display1__144dpi.png	84-change-case-done	dark	480	144	production-renderer-synthetic-presentation
85-change-case-failed__dark__480dip__fr-FR__display1__144dpi.png	85-change-case-failed	dark	480	144	production-renderer-synthetic-presentation
86-change-case-canceled__dark__480dip__fr-FR__display1__144dpi.png	86-change-case-canceled	dark	480	144	production-renderer-synthetic-presentation
87-change-attributes-done__dark__480dip__fr-FR__display1__144dpi.png	87-change-attributes-done	dark	480	144	production-renderer-synthetic-presentation
88-change-attributes-failed__dark__480dip__fr-FR__display1__144dpi.png	88-change-attributes-failed	dark	480	144	production-renderer-synthetic-presentation
89-change-attributes-canceled__dark__480dip__fr-FR__display1__144dpi.png	89-change-attributes-canceled	dark	480	144	production-renderer-synthetic-presentation
90-file-list-done__dark__480dip__fr-FR__display1__144dpi.png	90-file-list-done	dark	480	144	production-renderer-synthetic-presentation
91-file-list-failed__dark__480dip__fr-FR__display1__144dpi.png	91-file-list-failed	dark	480	144	production-renderer-synthetic-presentation
92-file-list-canceled__dark__480dip__fr-FR__display1__144dpi.png	92-file-list-canceled	dark	480	144	production-renderer-synthetic-presentation
93-menu-options__dark__480dip__fr-FR__display1__144dpi.png	93-menu-options	dark	480	144	production-renderer-synthetic-presentation
93-menu-options__dark__480dip__fr-FR__display1__144dpi__flyout.png	93-menu-options	dark	480	144	production-menu-synthetic-owner
94-menu-queue__dark__480dip__fr-FR__display1__144dpi.png	94-menu-queue	dark	480	144	production-renderer-synthetic-presentation
94-menu-queue__dark__480dip__fr-FR__display1__144dpi__flyout.png	94-menu-queue	dark	480	144	production-menu-synthetic-owner
95-menu-completed-more__dark__480dip__fr-FR__display1__144dpi.png	95-menu-completed-more	dark	480	144	production-renderer-synthetic-presentation
95-menu-completed-more__dark__480dip__fr-FR__display1__144dpi__flyout.png	95-menu-completed-more	dark	480	144	production-menu-synthetic-owner
96-menu-speed__dark__480dip__fr-FR__display1__144dpi.png	96-menu-speed	dark	480	144	production-renderer-synthetic-presentation
96-menu-speed__dark__480dip__fr-FR__display1__144dpi__flyout.png	96-menu-speed	dark	480	144	production-menu-synthetic-owner
97-menu-conflict-more__dark__480dip__fr-FR__display1__144dpi.png	97-menu-conflict-more	dark	480	144	production-renderer-synthetic-presentation
97-menu-conflict-more__dark__480dip__fr-FR__display1__144dpi__flyout.png	97-menu-conflict-more	dark	480	144	production-menu-synthetic-owner
98-renderer-failure__dark__480dip__fr-FR__display1__144dpi.png	98-renderer-failure	dark	480	144	production-renderer-synthetic-presentation
107-destination-history__dark__480dip__fr-FR__display1__144dpi.png	107-destination-history	dark	480	144	production-renderer-synthetic-presentation
107-destination-history__dark__480dip__fr-FR__display1__144dpi__flyout.png	107-destination-history	dark	480	144	production-menu-synthetic-owner
108-decision-long-french-paths__dark__480dip__fr-FR__display1__144dpi.png	108-decision-long-french-paths	dark	480	144	production-renderer-synthetic-presentation
108-decision-long-french-paths__dark__760dip__fr-FR__display1__144dpi.png	108-decision-long-french-paths	dark	760	144	production-renderer-synthetic-presentation
114-recovery-known-source-menu__dark__480dip__fr-FR__display1__144dpi.png	114-recovery-known-source-menu	dark	480	144	production-renderer-synthetic-presentation
114-recovery-known-source-menu__dark__480dip__fr-FR__display1__144dpi__flyout.png	114-recovery-known-source-menu	dark	480	144	production-menu-synthetic-owner
115-recovery-unknown-source-menu__dark__480dip__fr-FR__display1__144dpi.png	115-recovery-unknown-source-menu	dark	480	144	production-renderer-synthetic-presentation
115-recovery-unknown-source-menu__dark__480dip__fr-FR__display1__144dpi__flyout.png	115-recovery-unknown-source-menu	dark	480	144	production-menu-synthetic-owner
10-copy-four-streams__light__480dip__fr-FR__display1__144dpi.png	10-copy-four-streams	light	480	144	production-renderer-synthetic-presentation
10-copy-four-streams__light__760dip__fr-FR__display1__144dpi.png	10-copy-four-streams	light	760	144	production-renderer-synthetic-presentation
31-completed-group-expanded__light__480dip__fr-FR__display1__144dpi.png	31-completed-group-expanded	light	480	144	production-renderer-synthetic-presentation
33-decision-file-exists__light__480dip__fr-FR__display1__144dpi.png	33-decision-file-exists	light	480	144	production-renderer-synthetic-presentation
33-decision-file-exists__light__760dip__fr-FR__display1__144dpi.png	33-decision-file-exists	light	760	144	production-renderer-synthetic-presentation
55-decision-permanent-delete__light__480dip__fr-FR__display1__144dpi.png	55-decision-permanent-delete	light	480	144	production-renderer-synthetic-presentation
10-copy-four-streams__rainbow__480dip__fr-FR__display1__144dpi.png	10-copy-four-streams	rainbow	480	144	production-renderer-synthetic-presentation
10-copy-four-streams__rainbow__760dip__fr-FR__display1__144dpi.png	10-copy-four-streams	rainbow	760	144	production-renderer-synthetic-presentation
31-completed-group-expanded__rainbow__480dip__fr-FR__display1__144dpi.png	31-completed-group-expanded	rainbow	480	144	production-renderer-synthetic-presentation
33-decision-file-exists__rainbow__480dip__fr-FR__display1__144dpi.png	33-decision-file-exists	rainbow	480	144	production-renderer-synthetic-presentation
33-decision-file-exists__rainbow__760dip__fr-FR__display1__144dpi.png	33-decision-file-exists	rainbow	760	144	production-renderer-synthetic-presentation
55-decision-permanent-delete__rainbow__480dip__fr-FR__display1__144dpi.png	55-decision-permanent-delete	rainbow	480	144	production-renderer-synthetic-presentation
10-copy-four-streams__high-contrast__480dip__fr-FR__display1__144dpi.png	10-copy-four-streams	high-contrast	480	144	production-renderer-synthetic-presentation
10-copy-four-streams__high-contrast__760dip__fr-FR__display1__144dpi.png	10-copy-four-streams	high-contrast	760	144	production-renderer-synthetic-presentation
31-completed-group-expanded__high-contrast__480dip__fr-FR__display1__144dpi.png	31-completed-group-expanded	high-contrast	480	144	production-renderer-synthetic-presentation
33-decision-file-exists__high-contrast__480dip__fr-FR__display1__144dpi.png	33-decision-file-exists	high-contrast	480	144	production-renderer-synthetic-presentation
33-decision-file-exists__high-contrast__760dip__fr-FR__display1__144dpi.png	33-decision-file-exists	high-contrast	760	144	production-renderer-synthetic-presentation
55-decision-permanent-delete__high-contrast__480dip__fr-FR__display1__144dpi.png	55-decision-permanent-delete	high-contrast	480	144	production-renderer-synthetic-presentation
99-speed-custom__dark__fr-FR__display1__144dpi.png	99-speed-custom	dark	0	144	production-dialog-synthetic-input
100-speed-invalid__dark__fr-FR__display1__144dpi.png	100-speed-invalid	dark	0	144	production-dialog-synthetic-input
101-speed-valid__dark__fr-FR__display1__144dpi.png	101-speed-valid	dark	0	144	production-dialog-synthetic-input
01-empty__dark__480dip__fr-FR__display2__96dpi.png	01-empty	dark	480	96	production-renderer-synthetic-presentation
02-preparing__dark__480dip__fr-FR__display2__96dpi.png	02-preparing	dark	480	96	production-renderer-synthetic-presentation
03-awaiting-acceptance__dark__480dip__fr-FR__display2__96dpi.png	03-awaiting-acceptance	dark	480	96	production-renderer-synthetic-presentation
04-queued-start-now__dark__480dip__fr-FR__display2__96dpi.png	04-queued-start-now	dark	480	96	production-renderer-synthetic-presentation
05-queued-overlap-no-start-now__dark__480dip__fr-FR__display2__96dpi.png	05-queued-overlap-no-start-now	dark	480	96	production-renderer-synthetic-presentation
06-discovery-before-transfer__dark__480dip__fr-FR__display2__96dpi.png	06-discovery-before-transfer	dark	480	96	production-renderer-synthetic-presentation
07-discovery-and-transfer__dark__480dip__fr-FR__display2__96dpi.png	07-discovery-and-transfer	dark	480	96	production-renderer-synthetic-presentation
08-discovering-as-needed__dark__480dip__fr-FR__display2__96dpi.png	08-discovering-as-needed	dark	480	96	production-renderer-synthetic-presentation
09-copy-single-stream__dark__480dip__fr-FR__display2__96dpi.png	09-copy-single-stream	dark	480	96	production-renderer-synthetic-presentation
10-copy-four-streams__dark__480dip__fr-FR__display2__96dpi.png	10-copy-four-streams	dark	480	96	production-renderer-synthetic-presentation
10-copy-four-streams__dark__760dip__fr-FR__display2__96dpi.png	10-copy-four-streams	dark	760	96	production-renderer-synthetic-presentation
11-speed-limited__dark__480dip__fr-FR__display2__96dpi.png	11-speed-limited	dark	480	96	production-renderer-synthetic-presentation
12-move__dark__480dip__fr-FR__display2__96dpi.png	12-move	dark	480	96	production-renderer-synthetic-presentation
13-delete__dark__480dip__fr-FR__display2__96dpi.png	13-delete	dark	480	96	production-renderer-synthetic-presentation
14-paused__dark__480dip__fr-FR__display2__96dpi.png	14-paused	dark	480	96	production-renderer-synthetic-presentation
15-stopping__dark__480dip__fr-FR__display2__96dpi.png	15-stopping	dark	480	96	production-renderer-synthetic-presentation
16-callback-silence__dark__480dip__fr-FR__display2__96dpi.png	16-callback-silence	dark	480	96	production-renderer-synthetic-presentation
17-verifying__dark__480dip__fr-FR__display2__96dpi.png	17-verifying	dark	480	96	production-renderer-synthetic-presentation
18-completed__dark__480dip__fr-FR__display2__96dpi.png	18-completed	dark	480	96	production-renderer-synthetic-presentation
19-completed-verified__dark__480dip__fr-FR__display2__96dpi.png	19-completed-verified	dark	480	96	production-renderer-synthetic-presentation
20-partial-skipped__dark__480dip__fr-FR__display2__96dpi.png	20-partial-skipped	dark	480	96	production-renderer-synthetic-presentation
21-move-source-kept__dark__480dip__fr-FR__display2__96dpi.png	21-move-source-kept	dark	480	96	production-renderer-synthetic-presentation
22-clipboard-move-source-kept__dark__480dip__fr-FR__display2__96dpi.png	22-clipboard-move-source-kept	dark	480	96	production-renderer-synthetic-presentation
23-move-source-unknown__dark__480dip__fr-FR__display2__96dpi.png	23-move-source-unknown	dark	480	96	production-renderer-synthetic-presentation
24-failed__dark__480dip__fr-FR__display2__96dpi.png	24-failed	dark	480	96	production-renderer-synthetic-presentation
25-canceled-after-progress__dark__480dip__fr-FR__display2__96dpi.png	25-canceled-after-progress	dark	480	96	production-renderer-synthetic-presentation
26-interrupted-move__dark__480dip__fr-FR__display2__96dpi.png	26-interrupted-move	dark	480	96	production-renderer-synthetic-presentation
27-long-unicode-paths__dark__480dip__fr-FR__display2__96dpi.png	27-long-unicode-paths	dark	480	96	production-renderer-synthetic-presentation
27-long-unicode-paths__dark__760dip__fr-FR__display2__96dpi.png	27-long-unicode-paths	dark	760	96	production-renderer-synthetic-presentation
28-compact-progress__dark__480dip__fr-FR__display2__96dpi.png	28-compact-progress	dark	480	96	production-renderer-synthetic-presentation
29-footer-only__dark__480dip__fr-FR__display2__96dpi.png	29-footer-only	dark	480	96	production-renderer-synthetic-presentation
30-running-and-queued__dark__480dip__fr-FR__display2__96dpi.png	30-running-and-queued	dark	480	96	production-renderer-synthetic-presentation
30-running-and-queued__dark__760dip__fr-FR__display2__96dpi.png	30-running-and-queued	dark	760	96	production-renderer-synthetic-presentation
31-completed-group-expanded__dark__480dip__fr-FR__display2__96dpi.png	31-completed-group-expanded	dark	480	96	production-renderer-synthetic-presentation
32-completed-group-collapsed__dark__480dip__fr-FR__display2__96dpi.png	32-completed-group-collapsed	dark	480	96	production-renderer-synthetic-presentation
33-decision-file-exists__dark__480dip__fr-FR__display2__96dpi.png	33-decision-file-exists	dark	480	96	production-renderer-synthetic-presentation
33-decision-file-exists__dark__760dip__fr-FR__display2__96dpi.png	33-decision-file-exists	dark	760	96	production-renderer-synthetic-presentation
34-decision-read-only-file__dark__480dip__fr-FR__display2__96dpi.png	34-decision-read-only-file	dark	480	96	production-renderer-synthetic-presentation
35-decision-read-only-exists__dark__480dip__fr-FR__display2__96dpi.png	35-decision-read-only-exists	dark	480	96	production-renderer-synthetic-presentation
36-decision-type-mismatch__dark__480dip__fr-FR__display2__96dpi.png	36-decision-type-mismatch	dark	480	96	production-renderer-synthetic-presentation
37-decision-destination-link__dark__480dip__fr-FR__display2__96dpi.png	37-decision-destination-link	dark	480	96	production-renderer-synthetic-presentation
38-decision-name-not-representable__dark__480dip__fr-FR__display2__96dpi.png	38-decision-name-not-representable	dark	480	96	production-renderer-synthetic-presentation
39-decision-target-conflict__dark__480dip__fr-FR__display2__96dpi.png	39-decision-target-conflict	dark	480	96	production-renderer-synthetic-presentation
40-decision-sharing-violation__dark__480dip__fr-FR__display2__96dpi.png	40-decision-sharing-violation	dark	480	96	production-renderer-synthetic-presentation
41-decision-access-denied__dark__480dip__fr-FR__display2__96dpi.png	41-decision-access-denied	dark	480	96	production-renderer-synthetic-presentation
42-decision-disk-full__dark__480dip__fr-FR__display2__96dpi.png	42-decision-disk-full	dark	480	96	production-renderer-synthetic-presentation
43-decision-path-too-long__dark__480dip__fr-FR__display2__96dpi.png	43-decision-path-too-long	dark	480	96	production-renderer-synthetic-presentation
44-decision-recycle-failed__dark__480dip__fr-FR__display2__96dpi.png	44-decision-recycle-failed	dark	480	96	production-renderer-synthetic-presentation
45-decision-insufficient-space__dark__480dip__fr-FR__display2__96dpi.png	45-decision-insufficient-space	dark	480	96	production-renderer-synthetic-presentation
46-decision-space-unknown__dark__480dip__fr-FR__display2__96dpi.png	46-decision-space-unknown	dark	480	96	production-renderer-synthetic-presentation
47-decision-efs-plaintext__dark__480dip__fr-FR__display2__96dpi.png	47-decision-efs-plaintext	dark	480	96	production-renderer-synthetic-presentation
48-decision-sparse-inflation__dark__480dip__fr-FR__display2__96dpi.png	48-decision-sparse-inflation	dark	480	96	production-renderer-synthetic-presentation
49-decision-placeholder-hydration__dark__480dip__fr-FR__display2__96dpi.png	49-decision-placeholder-hydration	dark	480	96	production-renderer-synthetic-presentation
50-decision-metadata-loss__dark__480dip__fr-FR__display2__96dpi.png	50-decision-metadata-loss	dark	480	96	production-renderer-synthetic-presentation
51-decision-network-offline__dark__480dip__fr-FR__display2__96dpi.png	51-decision-network-offline	dark	480	96	production-renderer-synthetic-presentation
52-decision-unsupported-reparse__dark__480dip__fr-FR__display2__96dpi.png	52-decision-unsupported-reparse	dark	480	96	production-renderer-synthetic-presentation
53-decision-same-host-overlap__dark__480dip__fr-FR__display2__96dpi.png	53-decision-same-host-overlap	dark	480	96	production-renderer-synthetic-presentation
54-decision-same-host-live-output__dark__480dip__fr-FR__display2__96dpi.png	54-decision-same-host-live-output	dark	480	96	production-renderer-synthetic-presentation
55-decision-permanent-delete__dark__480dip__fr-FR__display2__96dpi.png	55-decision-permanent-delete	dark	480	96	production-renderer-synthetic-presentation
56-decision-unknown-error__dark__480dip__fr-FR__display2__96dpi.png	56-decision-unknown-error	dark	480	96	production-renderer-synthetic-presentation
57-decision-metadata-loading__dark__480dip__fr-FR__display2__96dpi.png	57-decision-metadata-loading	dark	480	96	production-renderer-synthetic-presentation
58-decision-replacement-withheld__dark__480dip__fr-FR__display2__96dpi.png	58-decision-replacement-withheld	dark	480	96	production-renderer-synthetic-presentation
59-decision-retry-failed__dark__480dip__fr-FR__display2__96dpi.png	59-decision-retry-failed	dark	480	96	production-renderer-synthetic-presentation
60-decision-apply-to-all-checked__dark__480dip__fr-FR__display2__96dpi.png	60-decision-apply-to-all-checked	dark	480	96	production-renderer-synthetic-presentation
61-compare-scanning__dark__480dip__fr-FR__display2__96dpi.png	61-compare-scanning	dark	480	96	production-renderer-synthetic-presentation
62-change-case-enumerating__dark__480dip__fr-FR__display2__96dpi.png	62-change-case-enumerating	dark	480	96	production-renderer-synthetic-presentation
63-change-attributes-applying__dark__480dip__fr-FR__display2__96dpi.png	63-change-attributes-applying	dark	480	96	production-renderer-synthetic-presentation
64-file-list-rendering__dark__480dip__fr-FR__display2__96dpi.png	64-file-list-rendering	dark	480	96	production-renderer-synthetic-presentation
65-verification-failed__dark__480dip__fr-FR__display2__96dpi.png	65-verification-failed	dark	480	96	production-renderer-synthetic-presentation
66-verification-unavailable__dark__480dip__fr-FR__display2__96dpi.png	66-verification-unavailable	dark	480	96	production-renderer-synthetic-presentation
67-verification-canceled__dark__480dip__fr-FR__display2__96dpi.png	67-verification-canceled	dark	480	96	production-renderer-synthetic-presentation
68-zero-byte-items__dark__480dip__fr-FR__display2__96dpi.png	68-zero-byte-items	dark	480	96	production-renderer-synthetic-presentation
69-all-items-skipped__dark__480dip__fr-FR__display2__96dpi.png	69-all-items-skipped	dark	480	96	production-renderer-synthetic-presentation
70-queue-paused__dark__480dip__fr-FR__display2__96dpi.png	70-queue-paused	dark	480	96	production-renderer-synthetic-presentation
71-waiting-for-other-task__dark__480dip__fr-FR__display2__96dpi.png	71-waiting-for-other-task	dark	480	96	production-renderer-synthetic-presentation
72-automatic-concurrency__dark__480dip__fr-FR__display2__96dpi.png	72-automatic-concurrency	dark	480	96	production-renderer-synthetic-presentation
73-compact-density__dark__480dip__fr-FR__display2__96dpi.png	73-compact-density	dark	480	96	production-renderer-synthetic-presentation
74-sixteen-streams__dark__480dip__fr-FR__display2__96dpi.png	74-sixteen-streams	dark	480	96	production-renderer-synthetic-presentation
75-compare-content__dark__480dip__fr-FR__display2__96dpi.png	75-compare-content	dark	480	96	production-renderer-synthetic-presentation
76-compare-scan-and-content__dark__480dip__fr-FR__display2__96dpi.png	76-compare-scan-and-content	dark	480	96	production-renderer-synthetic-presentation
77-change-case-renaming__dark__480dip__fr-FR__display2__96dpi.png	77-change-case-renaming	dark	480	96	production-renderer-synthetic-presentation
78-change-attributes-enumerating__dark__480dip__fr-FR__display2__96dpi.png	78-change-attributes-enumerating	dark	480	96	production-renderer-synthetic-presentation
79-file-list-collecting__dark__480dip__fr-FR__display2__96dpi.png	79-file-list-collecting	dark	480	96	production-renderer-synthetic-presentation
80-file-list-writing__dark__480dip__fr-FR__display2__96dpi.png	80-file-list-writing	dark	480	96	production-renderer-synthetic-presentation
81-compare-done__dark__480dip__fr-FR__display2__96dpi.png	81-compare-done	dark	480	96	production-renderer-synthetic-presentation
82-compare-failed__dark__480dip__fr-FR__display2__96dpi.png	82-compare-failed	dark	480	96	production-renderer-synthetic-presentation
83-compare-canceled__dark__480dip__fr-FR__display2__96dpi.png	83-compare-canceled	dark	480	96	production-renderer-synthetic-presentation
84-change-case-done__dark__480dip__fr-FR__display2__96dpi.png	84-change-case-done	dark	480	96	production-renderer-synthetic-presentation
85-change-case-failed__dark__480dip__fr-FR__display2__96dpi.png	85-change-case-failed	dark	480	96	production-renderer-synthetic-presentation
86-change-case-canceled__dark__480dip__fr-FR__display2__96dpi.png	86-change-case-canceled	dark	480	96	production-renderer-synthetic-presentation
87-change-attributes-done__dark__480dip__fr-FR__display2__96dpi.png	87-change-attributes-done	dark	480	96	production-renderer-synthetic-presentation
88-change-attributes-failed__dark__480dip__fr-FR__display2__96dpi.png	88-change-attributes-failed	dark	480	96	production-renderer-synthetic-presentation
89-change-attributes-canceled__dark__480dip__fr-FR__display2__96dpi.png	89-change-attributes-canceled	dark	480	96	production-renderer-synthetic-presentation
90-file-list-done__dark__480dip__fr-FR__display2__96dpi.png	90-file-list-done	dark	480	96	production-renderer-synthetic-presentation
91-file-list-failed__dark__480dip__fr-FR__display2__96dpi.png	91-file-list-failed	dark	480	96	production-renderer-synthetic-presentation
92-file-list-canceled__dark__480dip__fr-FR__display2__96dpi.png	92-file-list-canceled	dark	480	96	production-renderer-synthetic-presentation
93-menu-options__dark__480dip__fr-FR__display2__96dpi.png	93-menu-options	dark	480	96	production-renderer-synthetic-presentation
93-menu-options__dark__480dip__fr-FR__display2__96dpi__flyout.png	93-menu-options	dark	480	96	production-menu-synthetic-owner
94-menu-queue__dark__480dip__fr-FR__display2__96dpi.png	94-menu-queue	dark	480	96	production-renderer-synthetic-presentation
94-menu-queue__dark__480dip__fr-FR__display2__96dpi__flyout.png	94-menu-queue	dark	480	96	production-menu-synthetic-owner
95-menu-completed-more__dark__480dip__fr-FR__display2__96dpi.png	95-menu-completed-more	dark	480	96	production-renderer-synthetic-presentation
95-menu-completed-more__dark__480dip__fr-FR__display2__96dpi__flyout.png	95-menu-completed-more	dark	480	96	production-menu-synthetic-owner
96-menu-speed__dark__480dip__fr-FR__display2__96dpi.png	96-menu-speed	dark	480	96	production-renderer-synthetic-presentation
96-menu-speed__dark__480dip__fr-FR__display2__96dpi__flyout.png	96-menu-speed	dark	480	96	production-menu-synthetic-owner
97-menu-conflict-more__dark__480dip__fr-FR__display2__96dpi.png	97-menu-conflict-more	dark	480	96	production-renderer-synthetic-presentation
97-menu-conflict-more__dark__480dip__fr-FR__display2__96dpi__flyout.png	97-menu-conflict-more	dark	480	96	production-menu-synthetic-owner
98-renderer-failure__dark__480dip__fr-FR__display2__96dpi.png	98-renderer-failure	dark	480	96	production-renderer-synthetic-presentation
107-destination-history__dark__480dip__fr-FR__display2__96dpi.png	107-destination-history	dark	480	96	production-renderer-synthetic-presentation
107-destination-history__dark__480dip__fr-FR__display2__96dpi__flyout.png	107-destination-history	dark	480	96	production-menu-synthetic-owner
108-decision-long-french-paths__dark__480dip__fr-FR__display2__96dpi.png	108-decision-long-french-paths	dark	480	96	production-renderer-synthetic-presentation
108-decision-long-french-paths__dark__760dip__fr-FR__display2__96dpi.png	108-decision-long-french-paths	dark	760	96	production-renderer-synthetic-presentation
114-recovery-known-source-menu__dark__480dip__fr-FR__display2__96dpi.png	114-recovery-known-source-menu	dark	480	96	production-renderer-synthetic-presentation
114-recovery-known-source-menu__dark__480dip__fr-FR__display2__96dpi__flyout.png	114-recovery-known-source-menu	dark	480	96	production-menu-synthetic-owner
115-recovery-unknown-source-menu__dark__480dip__fr-FR__display2__96dpi.png	115-recovery-unknown-source-menu	dark	480	96	production-renderer-synthetic-presentation
115-recovery-unknown-source-menu__dark__480dip__fr-FR__display2__96dpi__flyout.png	115-recovery-unknown-source-menu	dark	480	96	production-menu-synthetic-owner
10-copy-four-streams__light__480dip__fr-FR__display2__96dpi.png	10-copy-four-streams	light	480	96	production-renderer-synthetic-presentation
10-copy-four-streams__light__760dip__fr-FR__display2__96dpi.png	10-copy-four-streams	light	760	96	production-renderer-synthetic-presentation
31-completed-group-expanded__light__480dip__fr-FR__display2__96dpi.png	31-completed-group-expanded	light	480	96	production-renderer-synthetic-presentation
33-decision-file-exists__light__480dip__fr-FR__display2__96dpi.png	33-decision-file-exists	light	480	96	production-renderer-synthetic-presentation
33-decision-file-exists__light__760dip__fr-FR__display2__96dpi.png	33-decision-file-exists	light	760	96	production-renderer-synthetic-presentation
55-decision-permanent-delete__light__480dip__fr-FR__display2__96dpi.png	55-decision-permanent-delete	light	480	96	production-renderer-synthetic-presentation
10-copy-four-streams__rainbow__480dip__fr-FR__display2__96dpi.png	10-copy-four-streams	rainbow	480	96	production-renderer-synthetic-presentation
10-copy-four-streams__rainbow__760dip__fr-FR__display2__96dpi.png	10-copy-four-streams	rainbow	760	96	production-renderer-synthetic-presentation
31-completed-group-expanded__rainbow__480dip__fr-FR__display2__96dpi.png	31-completed-group-expanded	rainbow	480	96	production-renderer-synthetic-presentation
33-decision-file-exists__rainbow__480dip__fr-FR__display2__96dpi.png	33-decision-file-exists	rainbow	480	96	production-renderer-synthetic-presentation
33-decision-file-exists__rainbow__760dip__fr-FR__display2__96dpi.png	33-decision-file-exists	rainbow	760	96	production-renderer-synthetic-presentation
55-decision-permanent-delete__rainbow__480dip__fr-FR__display2__96dpi.png	55-decision-permanent-delete	rainbow	480	96	production-renderer-synthetic-presentation
10-copy-four-streams__high-contrast__480dip__fr-FR__display2__96dpi.png	10-copy-four-streams	high-contrast	480	96	production-renderer-synthetic-presentation
10-copy-four-streams__high-contrast__760dip__fr-FR__display2__96dpi.png	10-copy-four-streams	high-contrast	760	96	production-renderer-synthetic-presentation
31-completed-group-expanded__high-contrast__480dip__fr-FR__display2__96dpi.png	31-completed-group-expanded	high-contrast	480	96	production-renderer-synthetic-presentation
33-decision-file-exists__high-contrast__480dip__fr-FR__display2__96dpi.png	33-decision-file-exists	high-contrast	480	96	production-renderer-synthetic-presentation
33-decision-file-exists__high-contrast__760dip__fr-FR__display2__96dpi.png	33-decision-file-exists	high-contrast	760	96	production-renderer-synthetic-presentation
55-decision-permanent-delete__high-contrast__480dip__fr-FR__display2__96dpi.png	55-decision-permanent-delete	high-contrast	480	96	production-renderer-synthetic-presentation
99-speed-custom__dark__fr-FR__display2__96dpi.png	99-speed-custom	dark	0	96	production-dialog-synthetic-input
100-speed-invalid__dark__fr-FR__display2__96dpi.png	100-speed-invalid	dark	0	96	production-dialog-synthetic-input
101-speed-valid__dark__fr-FR__display2__96dpi.png	101-speed-valid	dark	0	96	production-dialog-synthetic-input
102-confirmation-0__dark__fr-FR__display1__144dpi.png	102-confirmation-0	dark	0	144	production-confirmation-synthetic-request
102-confirmation-1__dark__fr-FR__display1__144dpi.png	102-confirmation-1	dark	0	144	production-confirmation-synthetic-request
102-confirmation-2__dark__fr-FR__display1__144dpi.png	102-confirmation-2	dark	0	144	production-confirmation-synthetic-request
102-confirmation-3__dark__fr-FR__display1__144dpi.png	102-confirmation-3	dark	0	144	production-confirmation-synthetic-request
102-confirmation-4__dark__fr-FR__display1__144dpi.png	102-confirmation-4	dark	0	144	production-confirmation-synthetic-request
102-confirmation-5__dark__fr-FR__display1__144dpi.png	102-confirmation-5	dark	0	144	production-confirmation-synthetic-request
102-confirmation-6__dark__fr-FR__display1__144dpi.png	102-confirmation-6	dark	0	144	production-confirmation-synthetic-request
102-confirmation-7__dark__fr-FR__display1__144dpi.png	102-confirmation-7	dark	0	144	production-confirmation-synthetic-request
102-confirmation-8__dark__fr-FR__display1__144dpi.png	102-confirmation-8	dark	0	144	production-confirmation-synthetic-request
102-confirmation-9__dark__fr-FR__display1__144dpi.png	102-confirmation-9	dark	0	144	production-confirmation-synthetic-request
103-issues-empty__dark__fr-FR__display1__144dpi.png	103-issues-empty	dark	0	144	production-issues-pane
104-issues-populated__dark__fr-FR__display1__144dpi.png	104-issues-populated	dark	0	144	production-issues-synthetic-diagnostics
105-issues-selected__dark__fr-FR__display1__144dpi.png	105-issues-selected	dark	0	144	production-issues-selection
106-issues-scrolled__dark__fr-FR__display1__144dpi.png	106-issues-scrolled	dark	0	144	production-issues-scroll
102-confirmation-0__dark__fr-FR__display2__96dpi.png	102-confirmation-0	dark	0	96	production-confirmation-synthetic-request
102-confirmation-1__dark__fr-FR__display2__96dpi.png	102-confirmation-1	dark	0	96	production-confirmation-synthetic-request
102-confirmation-2__dark__fr-FR__display2__96dpi.png	102-confirmation-2	dark	0	96	production-confirmation-synthetic-request
102-confirmation-3__dark__fr-FR__display2__96dpi.png	102-confirmation-3	dark	0	96	production-confirmation-synthetic-request
102-confirmation-4__dark__fr-FR__display2__96dpi.png	102-confirmation-4	dark	0	96	production-confirmation-synthetic-request
102-confirmation-5__dark__fr-FR__display2__96dpi.png	102-confirmation-5	dark	0	96	production-confirmation-synthetic-request
102-confirmation-6__dark__fr-FR__display2__96dpi.png	102-confirmation-6	dark	0	96	production-confirmation-synthetic-request
102-confirmation-7__dark__fr-FR__display2__96dpi.png	102-confirmation-7	dark	0	96	production-confirmation-synthetic-request
102-confirmation-8__dark__fr-FR__display2__96dpi.png	102-confirmation-8	dark	0	96	production-confirmation-synthetic-request
102-confirmation-9__dark__fr-FR__display2__96dpi.png	102-confirmation-9	dark	0	96	production-confirmation-synthetic-request
103-issues-empty__dark__fr-FR__display2__96dpi.png	103-issues-empty	dark	0	96	production-issues-pane
104-issues-populated__dark__fr-FR__display2__96dpi.png	104-issues-populated	dark	0	96	production-issues-synthetic-diagnostics
105-issues-selected__dark__fr-FR__display2__96dpi.png	105-issues-selected	dark	0	96	production-issues-selection
106-issues-scrolled__dark__fr-FR__display2__96dpi.png	106-issues-scrolled	dark	0	96	production-issues-scroll
